{"Modules":[{"Key":"","Source":"","Dir":"."},{"Key":"AnsibleServer","Source":"./modules/vm","Dir":"modules/vm"},{"Key":"JenkinsServer","Source":"./modules/vm","Dir":"modules/vm"},{"Key":"cicdServer","Source":"./modules/vm","Dir":"modules/vm"},{"Key":"cicd_server","Source":"./modules/vm","Dir":"modules/vm"},{"Key":"k8sMaster","Source":"./modules/vm","Dir":"modules/vm"},{"Key":"workNode1","Source":"./modules/vm","Dir":"modules/vm"},{"Key":"workNode2","Source":"./modules/vm","Dir":"modules/vm"},{"Key":"workNode3","Source":"./modules/vm","Dir":"modules/vm"},{"Key":"work_node1","Source":"./modules/vm","Dir":"modules/vm"},{"Key":"work_node2","Source":"./modules/vm","Dir":"modules/vm"},{"Key":"work_node3","Source":"./modules/vm","Dir":"modules/vm"}]}